<node>
    <id>b402c605-5c3e-4a04-acce-3ec04d9ac014</id>
    <childOrder>displayname ASC</childOrder>
    <nodeType>content</nodeType>
    <timestamp>2024-06-19T11:34:58.796Z</timestamp>
    <inheritPermissions>true</inheritPermissions>
    <permissions>
        <principal key="role:cms.project.mattilsynet.author">
            <allow type="array">
                <value>READ</value>
                <value>CREATE</value>
                <value>MODIFY</value>
                <value>DELETE</value>
            </allow>
            <deny type="array"/>
        </principal>
        <principal key="role:cms.project.mattilsynet.owner">
            <allow type="array">
                <value>READ</value>
                <value>CREATE</value>
                <value>MODIFY</value>
                <value>DELETE</value>
                <value>PUBLISH</value>
                <value>READ_PERMISSIONS</value>
                <value>WRITE_PERMISSIONS</value>
            </allow>
            <deny type="array"/>
        </principal>
        <principal key="role:cms.project.mattilsynet.viewer">
            <allow type="array">
                <value>READ</value>
            </allow>
            <deny type="array"/>
        </principal>
        <principal key="role:cms.project.mattilsynet.contributor">
            <allow type="array">
                <value>READ</value>
            </allow>
            <deny type="array"/>
        </principal>
        <principal key="role:system.admin">
            <allow type="array">
                <value>READ</value>
                <value>CREATE</value>
                <value>MODIFY</value>
                <value>DELETE</value>
                <value>PUBLISH</value>
                <value>READ_PERMISSIONS</value>
                <value>WRITE_PERMISSIONS</value>
            </allow>
            <deny type="array"/>
        </principal>
        <principal key="role:cms.admin">
            <allow type="array">
                <value>READ</value>
                <value>CREATE</value>
                <value>MODIFY</value>
                <value>DELETE</value>
                <value>PUBLISH</value>
                <value>READ_PERMISSIONS</value>
                <value>WRITE_PERMISSIONS</value>
            </allow>
            <deny type="array"/>
        </principal>
        <principal key="role:cms.project.mattilsynet.editor">
            <allow type="array">
                <value>READ</value>
                <value>CREATE</value>
                <value>MODIFY</value>
                <value>DELETE</value>
                <value>PUBLISH</value>
                <value>READ_PERMISSIONS</value>
                <value>WRITE_PERMISSIONS</value>
            </allow>
            <deny type="array"/>
        </principal>
        <principal key="role:system.everyone">
            <allow type="array">
                <value>READ</value>
            </allow>
            <deny type="array"/>
        </principal>
    </permissions>
    <data>
        <boolean name="valid">true</boolean>
        <string name="displayName">Region listeførte tredjeland EØS-grensepassering</string>
        <string name="type">no.mattilsynet.wizard:choice-group</string>
        <string name="owner">user:azure-ad-id-provider:b3c3edcc-d5d3-450d-b389-1b8008c59f79</string>
        <string name="language">nb</string>
        <dateTime name="modifiedTime">2024-05-02T11:04:54.617Z</dateTime>
        <string name="modifier">user:azure-ad-id-provider:b3c3edcc-d5d3-450d-b389-1b8008c59f79</string>
        <string name="creator">user:azure-ad-id-provider:b3c3edcc-d5d3-450d-b389-1b8008c59f79</string>
        <dateTime name="createdTime">2024-05-02T07:29:04.886Z</dateTime>
        <property-set name="publish">
            <dateTime name="first">2024-05-03T10:26:35.332Z</dateTime>
            <dateTime name="from">2024-05-03T10:26:35.332Z</dateTime>
        </property-set>
        <property-set name="workflow">
            <string name="state">READY</string>
            <property-set name="checks"/>
        </property-set>
        <property-set name="data">
            <reference name="choices">fbec59ae-6e73-46f1-a4a6-e96a79b1b2c3</reference>
            <reference name="choices">c3e2d657-47d5-421b-8422-e4b1ff863fb8</reference>
            <reference name="choices">c05332b0-0104-4975-8859-b6ad4d17c08d</reference>
            <reference name="choices">905b7fa8-6672-4947-90d3-84add88c221a</reference>
            <reference name="choices">16ee4445-74ce-4344-92dc-ca74c9e9c5fb</reference>
            <reference name="choices">6e5a7ec3-b01a-45c7-8449-b06ccf656420</reference>
            <reference name="choices">676df834-9158-42a9-9050-84561d9c30ab</reference>
            <reference name="choices">36914949-301a-4673-aed4-714a9ed356e7</reference>
            <reference name="choices">510995a3-07f2-4dd5-9314-f21d43f8e62d</reference>
            <reference name="choices">689ae1eb-05d3-4202-8570-fc725f24c949</reference>
        </property-set>
        <property-set name="x">
            <property-set name="no-mattilsynet-app">
                <property-set name="translated-content"/>
                <property-set name="alert-message"/>
                <property-set name="miscValues">
                    <string isNull="true" name="themeIndexed"/>
                </property-set>
                <property-set name="icon-config"/>
                <property-set name="menu-item">
                    <boolean name="menuItem">false</boolean>
                    <string isNull="true" name="menuName"/>
                </property-set>
            </property-set>
            <property-set name="com-enonic-app-metafields">
                <property-set name="meta-data"/>
            </property-set>
        </property-set>
    </data>
    <indexConfigs>
        <analyzer>document_index_default</analyzer>
        <defaultConfig>
            <decideByType>true</decideByType>
            <enabled>true</enabled>
            <nGram>false</nGram>
            <fulltext>false</fulltext>
            <includeInAllText>false</includeInAllText>
        </defaultConfig>
        <pathIndexConfigs>
            <pathIndexConfig>
                <indexConfig>
                    <decideByType>false</decideByType>
                    <enabled>true</enabled>
                    <nGram>true</nGram>
                    <fulltext>true</fulltext>
                    <includeInAllText>true</includeInAllText>
                    <indexValueProcessors>
                        <indexValueProcessor>htmlStripper</indexValueProcessor>
                    </indexValueProcessors>
                </indexConfig>
                <path>x.no-mattilsynet-app.alert-message.messageAndLocale.message</path>
            </pathIndexConfig>
            <pathIndexConfig>
                <indexConfig>
                    <decideByType>false</decideByType>
                    <enabled>true</enabled>
                    <nGram>false</nGram>
                    <fulltext>false</fulltext>
                    <includeInAllText>false</includeInAllText>
                </indexConfig>
                <path>data.siteConfig.applicationkey</path>
            </pathIndexConfig>
            <pathIndexConfig>
                <indexConfig>
                    <decideByType>true</decideByType>
                    <enabled>true</enabled>
                    <nGram>false</nGram>
                    <fulltext>false</fulltext>
                    <includeInAllText>false</includeInAllText>
                </indexConfig>
                <path>x.*</path>
            </pathIndexConfig>
            <pathIndexConfig>
                <indexConfig>
                    <decideByType>false</decideByType>
                    <enabled>true</enabled>
                    <nGram>true</nGram>
                    <fulltext>true</fulltext>
                    <includeInAllText>false</includeInAllText>
                </indexConfig>
                <path>attachment.text</path>
            </pathIndexConfig>
            <pathIndexConfig>
                <indexConfig>
                    <decideByType>false</decideByType>
                    <enabled>true</enabled>
                    <nGram>false</nGram>
                    <fulltext>false</fulltext>
                    <includeInAllText>false</includeInAllText>
                </indexConfig>
                <path>type</path>
            </pathIndexConfig>
            <pathIndexConfig>
                <indexConfig>
                    <decideByType>false</decideByType>
                    <enabled>false</enabled>
                    <nGram>false</nGram>
                    <fulltext>false</fulltext>
                    <includeInAllText>false</includeInAllText>
                </indexConfig>
                <path>site</path>
            </pathIndexConfig>
            <pathIndexConfig>
                <indexConfig>
                    <decideByType>false</decideByType>
                    <enabled>true</enabled>
                    <nGram>false</nGram>
                    <fulltext>false</fulltext>
                    <includeInAllText>false</includeInAllText>
                </indexConfig>
                <path>owner</path>
            </pathIndexConfig>
            <pathIndexConfig>
                <indexConfig>
                    <decideByType>false</decideByType>
                    <enabled>true</enabled>
                    <nGram>false</nGram>
                    <fulltext>false</fulltext>
                    <includeInAllText>false</includeInAllText>
                </indexConfig>
                <path>modifier</path>
            </pathIndexConfig>
            <pathIndexConfig>
                <indexConfig>
                    <decideByType>false</decideByType>
                    <enabled>true</enabled>
                    <nGram>false</nGram>
                    <fulltext>false</fulltext>
                    <includeInAllText>false</includeInAllText>
                </indexConfig>
                <path>modifiedTime</path>
            </pathIndexConfig>
            <pathIndexConfig>
                <indexConfig>
                    <decideByType>false</decideByType>
                    <enabled>true</enabled>
                    <nGram>true</nGram>
                    <fulltext>false</fulltext>
                    <includeInAllText>false</includeInAllText>
                </indexConfig>
                <path>language</path>
            </pathIndexConfig>
            <pathIndexConfig>
                <indexConfig>
                    <decideByType>true</decideByType>
                    <enabled>true</enabled>
                    <nGram>false</nGram>
                    <fulltext>false</fulltext>
                    <includeInAllText>false</includeInAllText>
                </indexConfig>
                <path>data</path>
            </pathIndexConfig>
            <pathIndexConfig>
                <indexConfig>
                    <decideByType>false</decideByType>
                    <enabled>true</enabled>
                    <nGram>false</nGram>
                    <fulltext>false</fulltext>
                    <includeInAllText>false</includeInAllText>
                </indexConfig>
                <path>creator</path>
            </pathIndexConfig>
            <pathIndexConfig>
                <indexConfig>
                    <decideByType>false</decideByType>
                    <enabled>true</enabled>
                    <nGram>false</nGram>
                    <fulltext>false</fulltext>
                    <includeInAllText>false</includeInAllText>
                </indexConfig>
                <path>createdTime</path>
            </pathIndexConfig>
            <pathIndexConfig>
                <indexConfig>
                    <decideByType>false</decideByType>
                    <enabled>true</enabled>
                    <nGram>false</nGram>
                    <fulltext>false</fulltext>
                    <includeInAllText>false</includeInAllText>
                </indexConfig>
                <path>attachment</path>
            </pathIndexConfig>
        </pathIndexConfigs>
        <allTextIndexConfig>
            <languages>
                <language>nb</language>
            </languages>
        </allTextIndexConfig>
    </indexConfigs>
</node>
