<node>
    <id>dff3613e-3857-4a98-9a97-edc5d94f2df6</id>
    <childOrder>displayname ASC</childOrder>
    <nodeType>content</nodeType>
    <timestamp>2024-06-19T11:34:59.274Z</timestamp>
    <inheritPermissions>true</inheritPermissions>
    <permissions>
        <principal key="role:cms.project.mattilsynet.author">
            <allow type="array">
                <value>READ</value>
                <value>CREATE</value>
                <value>MODIFY</value>
                <value>DELETE</value>
            </allow>
            <deny type="array"/>
        </principal>
        <principal key="role:cms.project.mattilsynet.owner">
            <allow type="array">
                <value>READ</value>
                <value>CREATE</value>
                <value>MODIFY</value>
                <value>DELETE</value>
                <value>PUBLISH</value>
                <value>READ_PERMISSIONS</value>
                <value>WRITE_PERMISSIONS</value>
            </allow>
            <deny type="array"/>
        </principal>
        <principal key="role:cms.project.mattilsynet.viewer">
            <allow type="array">
                <value>READ</value>
            </allow>
            <deny type="array"/>
        </principal>
        <principal key="role:cms.project.mattilsynet.contributor">
            <allow type="array">
                <value>READ</value>
            </allow>
            <deny type="array"/>
        </principal>
        <principal key="role:system.admin">
            <allow type="array">
                <value>READ</value>
                <value>CREATE</value>
                <value>MODIFY</value>
                <value>DELETE</value>
                <value>PUBLISH</value>
                <value>READ_PERMISSIONS</value>
                <value>WRITE_PERMISSIONS</value>
            </allow>
            <deny type="array"/>
        </principal>
        <principal key="role:cms.admin">
            <allow type="array">
                <value>READ</value>
                <value>CREATE</value>
                <value>MODIFY</value>
                <value>DELETE</value>
                <value>PUBLISH</value>
                <value>READ_PERMISSIONS</value>
                <value>WRITE_PERMISSIONS</value>
            </allow>
            <deny type="array"/>
        </principal>
        <principal key="role:cms.project.mattilsynet.editor">
            <allow type="array">
                <value>READ</value>
                <value>CREATE</value>
                <value>MODIFY</value>
                <value>DELETE</value>
                <value>PUBLISH</value>
                <value>READ_PERMISSIONS</value>
                <value>WRITE_PERMISSIONS</value>
            </allow>
            <deny type="array"/>
        </principal>
        <principal key="role:system.everyone">
            <allow type="array">
                <value>READ</value>
            </allow>
            <deny type="array"/>
        </principal>
    </permissions>
    <data>
        <boolean name="valid">true</boolean>
        <string name="displayName">Region tredjeland</string>
        <string name="type">no.mattilsynet.wizard:choice-group</string>
        <string name="owner">user:azure-ad-id-provider:b3c3edcc-d5d3-450d-b389-1b8008c59f79</string>
        <string name="language">nb</string>
        <dateTime name="modifiedTime">2024-05-02T12:15:51.848Z</dateTime>
        <string name="modifier">user:azure-ad-id-provider:b3c3edcc-d5d3-450d-b389-1b8008c59f79</string>
        <string name="creator">user:azure-ad-id-provider:b3c3edcc-d5d3-450d-b389-1b8008c59f79</string>
        <dateTime name="createdTime">2024-05-02T10:09:39.348Z</dateTime>
        <property-set name="publish">
            <dateTime name="first">2024-05-03T10:26:35.332Z</dateTime>
            <dateTime name="from">2024-05-03T10:26:35.332Z</dateTime>
        </property-set>
        <property-set name="workflow">
            <string name="state">READY</string>
            <property-set name="checks"/>
        </property-set>
        <property-set name="data">
            <reference name="choices">d18609e1-a3dc-47b3-90f1-acd4cd04b6cd</reference>
            <reference name="choices">7b865576-045e-465b-a9d1-63c29e774c86</reference>
            <reference name="choices">bb811933-a1bc-4e66-9769-01ca8f24946b</reference>
            <reference name="choices">9aabdf96-f3db-4d2b-bd97-9b9bcc28434f</reference>
            <reference name="choices">60709721-a854-439b-92ee-24561e1664e2</reference>
            <reference name="choices">24cb1b8b-4f66-4563-b090-4252d1549db9</reference>
            <reference name="choices">82910be4-6fbc-420b-a79b-37c754ad0562</reference>
            <reference name="choices">2be8f48e-099b-4893-9435-eb309045a92c</reference>
            <reference name="choices">315ea1a9-f3e1-4993-b36b-4520516e50d7</reference>
            <reference name="choices">4cc70cd6-7dba-4d4e-aef9-7d123e68f2ae</reference>
            <reference name="choices">cdcb922e-ccb1-462c-9955-8faf77f832ca</reference>
            <reference name="choices">0d993a29-97e7-4371-a7ae-c164cebcd7e7</reference>
            <reference name="choices">e5b300b3-4ddc-428a-942a-2c3dcf46de10</reference>
            <reference name="choices">e2a6843b-89de-4c7c-be20-5cb0559121ed</reference>
            <reference name="choices">63e1fdba-b06a-4e0a-a0f4-a1c86c2899ae</reference>
            <reference name="choices">4a6a586b-a9e3-439f-a5c7-6ab2f5875d2d</reference>
            <reference name="choices">e268a1b3-c8dc-4636-85d7-c235be6121ee</reference>
            <reference name="choices">01b89055-d9ca-4563-b827-727726623cbe</reference>
            <reference name="choices">9aae3526-5d90-44aa-ade1-7c65cd3a66b7</reference>
            <reference name="choices">ff9b3d5e-f266-452d-8faf-44d034baec03</reference>
            <reference name="choices">5ae16410-7c01-4fb6-8013-671acbfe9b8e</reference>
            <reference name="choices">f3537878-9169-4ef4-a5e7-41b782d67b96</reference>
            <reference name="choices">82f39a4b-2e9a-41cd-ab37-f7f7865450ed</reference>
            <reference name="choices">6d457042-1fb5-4cb4-9049-65e73a6abe3b</reference>
            <reference name="choices">8f813843-dd73-4292-a5db-b093581715a4</reference>
            <reference name="choices">4a2b8218-c290-44a7-8677-d842c63b8339</reference>
            <reference name="choices">8b25e665-7040-486c-a7e7-5bbf88325364</reference>
            <reference name="choices">1d8bac02-d870-44eb-ac1c-71f4e19c6c9b</reference>
            <reference name="choices">ac4d602c-dca4-48d3-8d29-165b46465f13</reference>
            <reference name="choices">35d50491-6539-4a30-9ae8-13c0bc7d5852</reference>
            <reference name="choices">2d16a7e9-6b1c-4848-8db4-3e91c6cf93a8</reference>
            <reference name="choices">93fd07b7-fe02-47c4-9ce6-1241d98cb8d3</reference>
            <reference name="choices">64a2a2c1-4361-4e59-bd17-a60304c159fd</reference>
            <reference name="choices">087fd9f7-fd52-4458-8594-834c4d4023af</reference>
            <reference name="choices">4edc8a85-9940-4fe1-9566-5ca62a6068d9</reference>
            <reference name="choices">5dc7f582-15d8-4ce5-bed5-efe5f0c7db8e</reference>
            <reference name="choices">e13a4835-40c7-4e23-b877-bd0deea6e358</reference>
            <reference name="choices">a8338683-e710-487a-9fc1-c74da737a532</reference>
            <reference name="choices">120f5869-4116-4da0-9bad-fc4f3cd2971f</reference>
            <reference name="choices">9cc5e6be-2e10-4349-97d5-42a99439f07f</reference>
            <reference name="choices">dd160487-02bd-4152-953a-3b6240d3f989</reference>
            <reference name="choices">a2ad3895-1f5d-46f1-8878-257da1928e92</reference>
            <reference name="choices">cba6cc56-528c-43ea-8864-2be5aa4329af</reference>
            <reference name="choices">3d16cacc-ed77-4705-93ca-e02bfab257af</reference>
            <reference name="choices">cf4b5885-730e-43bf-a34f-cc757a8db79b</reference>
            <reference name="choices">ce14e2a1-cba3-42a4-8b07-b00d90e6614a</reference>
            <reference name="choices">6f66b2ea-7546-4e07-bb39-90a03d01c7a4</reference>
            <reference name="choices">9c661962-5362-45db-8e93-6c25e3ef1edc</reference>
            <reference name="choices">4ac8850d-dfc7-4ff7-b892-803f0d248062</reference>
            <reference name="choices">f4d38637-086c-409d-a1b8-a92d6d524411</reference>
            <reference name="choices">79a35d4f-cf59-47ee-a4ac-3d9d46439bf1</reference>
            <reference name="choices">75d47504-e6c1-4887-8a0e-19d21e565e10</reference>
            <reference name="choices">98c50831-1b0b-4722-b9f1-6e501f6017a6</reference>
            <reference name="choices">c64d9d42-4551-4e0c-ba6a-bf4562e48396</reference>
            <reference name="choices">051c25a2-2f75-4488-acac-6a79531afb5c</reference>
            <reference name="choices">955d9567-6f44-4462-be34-6d98d16f19de</reference>
            <reference name="choices">4bb1873c-fd70-4c22-9851-6d0a3d6981bb</reference>
            <reference name="choices">b6a0652f-f410-4583-a237-b93876f1144a</reference>
            <reference name="choices">03c6c8b2-49b5-44b1-be38-79bb05c83b07</reference>
            <reference name="choices">5e0ea0d4-c410-41e3-a0e4-af48a5f2b76d</reference>
            <reference name="choices">2bb37eb4-9494-4887-9207-3a6c60c419de</reference>
            <reference name="choices">7a8b3504-1116-45ab-9327-cee7b86582d5</reference>
            <reference name="choices">fda1db0b-0690-4f13-b891-3e4fbc05e899</reference>
            <reference name="choices">5abe607c-aa10-4462-94e3-e8bc75583a8c</reference>
            <reference name="choices">e0156e04-dac6-40e5-bfaa-45f7dafa0db9</reference>
            <reference name="choices">f7d1e150-078f-4d93-b051-a29ca57a1051</reference>
            <reference name="choices">0d23183f-495f-4f74-b691-c945ad2b149c</reference>
            <reference name="choices">0f523db6-4b2d-43f5-a43a-860d1a6eac6d</reference>
            <reference name="choices">a6adf194-b274-46f5-924d-7903327343d3</reference>
            <reference name="choices">f8823899-fa47-4c41-8c51-8d3f6f5244db</reference>
            <reference name="choices">c487adfb-0d04-4e93-8cc9-4623aa08c2e6</reference>
            <reference name="choices">79b505c4-ad2a-4afc-839e-8d30593f65f1</reference>
            <reference name="choices">771fd366-08fb-4cdd-b2ee-e74015e3a9e8</reference>
            <reference name="choices">f49793b6-684d-4191-ba71-e5022ae7e66f</reference>
            <reference name="choices">6e1ac11c-de94-4afa-970b-8ffb90cfda87</reference>
            <reference name="choices">0ed93625-8516-434c-930c-d7d7cddee997</reference>
            <reference name="choices">43877cde-8470-4aab-8e5d-611cea11c1eb</reference>
            <reference name="choices">2596c758-97d9-4538-af4a-b5483fc995ed</reference>
            <reference name="choices">732249ee-4dc4-46f7-aa5c-356bc4d1689a</reference>
            <reference name="choices">40ceff8c-fe27-4e4f-8f43-d08865624a10</reference>
            <reference name="choices">5072b1cd-b7d7-41d7-a0b1-72e90aef483d</reference>
            <reference name="choices">de122c94-ffb4-4bc6-9851-d9a89d7c28ac</reference>
            <reference name="choices">287a7898-7eda-4695-bd8b-aeb4b68e520d</reference>
            <reference name="choices">87b66c1f-63cb-4b8e-9701-377112f8e9a9</reference>
            <reference name="choices">293d51ab-d667-4820-95be-c014ea8dc8b8</reference>
            <reference name="choices">9aa5a226-1e42-41f2-a817-e3577b121046</reference>
            <reference name="choices">a44eefec-f33e-4576-9461-62cb1580c327</reference>
            <reference name="choices">238c8ebf-d5fb-4eb0-9298-f9ee3317bcc2</reference>
            <reference name="choices">82db1f55-fe75-49dd-bb3f-8de6980ddc44</reference>
            <reference name="choices">32f953c4-977b-4e1d-abc4-8526b8d7b7c1</reference>
            <reference name="choices">315ed222-2bd6-426a-90fc-c2ccd5501f8a</reference>
            <reference name="choices">42214e59-6448-45ae-bc27-068a6430f2fe</reference>
            <reference name="choices">89675a75-54c4-4c38-ac37-f180be9e4825</reference>
            <reference name="choices">a6f1513a-b506-4945-a7ff-7f377167b165</reference>
            <reference name="choices">fb940796-d55c-4b08-a9f1-2843b80b3718</reference>
            <reference name="choices">63f3405b-7ae9-456a-8acf-0c46cd489cf7</reference>
            <reference name="choices">99477af3-7d48-4270-91b4-d48712d1aa30</reference>
            <reference name="choices">3813bb83-c8dc-4bda-be37-a8353ec08d39</reference>
            <reference name="choices">3e7df858-8de0-444f-b8d9-210ce308b3db</reference>
            <reference name="choices">75a17993-1d0f-40b1-84d8-6a9eecfdc0e5</reference>
            <reference name="choices">b2631e2f-2669-4a20-a998-06518d5493e5</reference>
            <reference name="choices">6fc8c426-4f5f-4338-af84-737d927d2618</reference>
            <reference name="choices">c82ce269-bfd3-43a2-9d78-962e2d5e19ea</reference>
            <reference name="choices">ba8a6526-7d38-4572-a1a2-1469df7feff1</reference>
            <reference name="choices">bcd666aa-2ecc-4b2d-a6fb-60237b6582e2</reference>
            <reference name="choices">6f1e8a34-4822-4f44-ad70-b04eb1115210</reference>
            <reference name="choices">2f3a7ea8-8ff4-4714-b01c-b32dfe471b92</reference>
            <reference name="choices">2a1be85c-8cf3-45ca-807f-9a1c1006f162</reference>
            <reference name="choices">d0e988fa-704b-4f21-810a-82e37095a08c</reference>
            <reference name="choices">28e17709-486e-4fbf-80f3-791fc9473ec2</reference>
            <reference name="choices">c3b212ac-a383-41f1-bbde-37784d265c14</reference>
            <reference name="choices">fe8d4501-08f9-4750-9857-1df26592010f</reference>
            <reference name="choices">1b542d0d-4127-40da-a274-94f53990fee8</reference>
            <reference name="choices">4b8ec1f3-5e8e-40ec-a89b-0c60f663f91d</reference>
            <reference name="choices">acb6e046-0c59-4f66-a319-419f81204d65</reference>
            <reference name="choices">d4ca23bd-a4fc-4751-8fb0-b7a289418b3d</reference>
            <reference name="choices">6b443ac3-9f7d-490e-811c-ba5f008a3455</reference>
            <reference name="choices">4f14dfd7-b356-49b6-9e6b-146bc599f6a0</reference>
            <reference name="choices">cb90af10-3bbb-4cd3-8b46-3b9d8d15e4ee</reference>
            <reference name="choices">ada58e94-c11d-40bc-8c7a-6224434e4c47</reference>
            <reference name="choices">a38f9091-b926-4655-bb65-9c88c0ad74e2</reference>
            <reference name="choices">e87df265-0810-456d-9287-494a433e63f9</reference>
            <reference name="choices">6089aa28-3595-430a-b68a-bcd58f6419fa</reference>
            <reference name="choices">0429a76a-0acc-4a9a-a2ba-21eb817c3b63</reference>
            <reference name="choices">59d058ee-835f-4802-9ac9-9922cc674f97</reference>
            <reference name="choices">4e8d7b5f-023a-440d-a6a0-758afcb4f4a3</reference>
            <reference name="choices">f2d35e56-19e0-497c-87b8-b2b5543c6bd7</reference>
            <reference name="choices">811f2e83-1125-40c7-907a-3132207fdfa1</reference>
            <reference name="choices">e8e90ea9-a939-4fc0-be12-37efde46b649</reference>
            <reference name="choices">f2070e84-92d9-466e-9210-26976b729891</reference>
            <reference name="choices">35595a67-076f-4927-b6a1-742d74abb719</reference>
            <reference name="choices">00fd2cc2-d959-4180-9a7e-dea53c3f86cc</reference>
            <reference name="choices">d8892eb4-d6b6-42fb-a656-4a93161c245c</reference>
            <reference name="choices">fd9ab70c-a67f-445a-af62-632c493f9170</reference>
            <reference name="choices">5abb78f4-95b8-4b4a-afa8-906448583f7d</reference>
            <reference name="choices">6b8817d0-f924-4b2d-b87b-91499e2d2c79</reference>
            <reference name="choices">31731276-47f3-413e-ab08-59cde3b2a722</reference>
            <reference name="choices">10e840bc-ef89-49a6-a269-83e27be8b01d</reference>
            <reference name="choices">173a6a9e-249d-4704-9468-0b4b49b659c6</reference>
            <reference name="choices">1441afc3-8326-44ab-ad39-69bb90c43e8f</reference>
            <reference name="choices">86dcce23-053c-412a-b699-02119bbc52f4</reference>
            <reference name="choices">fec59b61-adc8-4be1-900f-eb12cc7743b4</reference>
            <reference name="choices">005a1376-2d18-45af-927c-b2a6d7ab70af</reference>
            <reference name="choices">b37f5cd4-ace6-4f2e-97ae-b61f24ad5e5a</reference>
            <reference name="choices">c7f5b18e-a020-4cc4-8108-aff646c108d6</reference>
            <reference name="choices">20ad00c3-0bc2-468d-8efe-daf66811353f</reference>
            <reference name="choices">fdb60817-1d68-47b7-a157-f202d01654cc</reference>
            <reference name="choices">e19c6040-a892-4ea1-a1e6-eb53f2086b87</reference>
            <reference name="choices">bac94d8c-47c8-4197-859a-8424861d7b3e</reference>
            <reference name="choices">1bd8ad5a-53e0-443a-9052-75ad1bfde907</reference>
            <reference name="choices">d86348ad-31e0-4f4d-8d67-11e6b3d0b438</reference>
            <reference name="choices">557e44b4-30d3-4b96-abff-07c76351b652</reference>
            <reference name="choices">d6d64c06-4eab-41d7-b8b2-6dda27a4188c</reference>
            <reference name="choices">8d89fd8c-65e3-48e4-b264-36405d362d6b</reference>
            <reference name="choices">c8d0be00-dce6-4521-8e3d-741917a09203</reference>
            <reference name="choices">9f9d7669-f922-4b02-9904-6f1a5f8f0577</reference>
            <reference name="choices">e572548d-5def-4f8b-a4bf-717a371e428c</reference>
            <reference name="choices">abcac1a4-bcf7-4937-bf78-ef845dcc2f0d</reference>
            <reference name="choices">c7b57dcd-b433-49eb-baef-e27869751624</reference>
            <reference name="choices">1bc5ac9a-9ec0-4ee2-a923-fe9ed80e5ec0</reference>
            <reference name="choices">a9b6b7b7-34d4-493a-b02d-3a7284ef1147</reference>
            <reference name="choices">cf8a94c1-cb59-4fb2-b856-82dd60460e63</reference>
        </property-set>
        <property-set name="x">
            <property-set name="no-mattilsynet-app">
                <property-set name="translated-content"/>
                <property-set name="alert-message"/>
                <property-set name="miscValues">
                    <string isNull="true" name="themeIndexed"/>
                </property-set>
                <property-set name="icon-config"/>
                <property-set name="menu-item">
                    <boolean name="menuItem">false</boolean>
                    <string isNull="true" name="menuName"/>
                </property-set>
            </property-set>
            <property-set name="com-enonic-app-metafields">
                <property-set name="meta-data"/>
            </property-set>
        </property-set>
    </data>
    <indexConfigs>
        <analyzer>document_index_default</analyzer>
        <defaultConfig>
            <decideByType>true</decideByType>
            <enabled>true</enabled>
            <nGram>false</nGram>
            <fulltext>false</fulltext>
            <includeInAllText>false</includeInAllText>
        </defaultConfig>
        <pathIndexConfigs>
            <pathIndexConfig>
                <indexConfig>
                    <decideByType>false</decideByType>
                    <enabled>true</enabled>
                    <nGram>true</nGram>
                    <fulltext>true</fulltext>
                    <includeInAllText>true</includeInAllText>
                    <indexValueProcessors>
                        <indexValueProcessor>htmlStripper</indexValueProcessor>
                    </indexValueProcessors>
                </indexConfig>
                <path>x.no-mattilsynet-app.alert-message.messageAndLocale.message</path>
            </pathIndexConfig>
            <pathIndexConfig>
                <indexConfig>
                    <decideByType>false</decideByType>
                    <enabled>true</enabled>
                    <nGram>false</nGram>
                    <fulltext>false</fulltext>
                    <includeInAllText>false</includeInAllText>
                </indexConfig>
                <path>data.siteConfig.applicationkey</path>
            </pathIndexConfig>
            <pathIndexConfig>
                <indexConfig>
                    <decideByType>true</decideByType>
                    <enabled>true</enabled>
                    <nGram>false</nGram>
                    <fulltext>false</fulltext>
                    <includeInAllText>false</includeInAllText>
                </indexConfig>
                <path>x.*</path>
            </pathIndexConfig>
            <pathIndexConfig>
                <indexConfig>
                    <decideByType>false</decideByType>
                    <enabled>true</enabled>
                    <nGram>true</nGram>
                    <fulltext>true</fulltext>
                    <includeInAllText>false</includeInAllText>
                </indexConfig>
                <path>attachment.text</path>
            </pathIndexConfig>
            <pathIndexConfig>
                <indexConfig>
                    <decideByType>false</decideByType>
                    <enabled>true</enabled>
                    <nGram>false</nGram>
                    <fulltext>false</fulltext>
                    <includeInAllText>false</includeInAllText>
                </indexConfig>
                <path>type</path>
            </pathIndexConfig>
            <pathIndexConfig>
                <indexConfig>
                    <decideByType>false</decideByType>
                    <enabled>false</enabled>
                    <nGram>false</nGram>
                    <fulltext>false</fulltext>
                    <includeInAllText>false</includeInAllText>
                </indexConfig>
                <path>site</path>
            </pathIndexConfig>
            <pathIndexConfig>
                <indexConfig>
                    <decideByType>false</decideByType>
                    <enabled>true</enabled>
                    <nGram>false</nGram>
                    <fulltext>false</fulltext>
                    <includeInAllText>false</includeInAllText>
                </indexConfig>
                <path>owner</path>
            </pathIndexConfig>
            <pathIndexConfig>
                <indexConfig>
                    <decideByType>false</decideByType>
                    <enabled>true</enabled>
                    <nGram>false</nGram>
                    <fulltext>false</fulltext>
                    <includeInAllText>false</includeInAllText>
                </indexConfig>
                <path>modifier</path>
            </pathIndexConfig>
            <pathIndexConfig>
                <indexConfig>
                    <decideByType>false</decideByType>
                    <enabled>true</enabled>
                    <nGram>false</nGram>
                    <fulltext>false</fulltext>
                    <includeInAllText>false</includeInAllText>
                </indexConfig>
                <path>modifiedTime</path>
            </pathIndexConfig>
            <pathIndexConfig>
                <indexConfig>
                    <decideByType>false</decideByType>
                    <enabled>true</enabled>
                    <nGram>true</nGram>
                    <fulltext>false</fulltext>
                    <includeInAllText>false</includeInAllText>
                </indexConfig>
                <path>language</path>
            </pathIndexConfig>
            <pathIndexConfig>
                <indexConfig>
                    <decideByType>true</decideByType>
                    <enabled>true</enabled>
                    <nGram>false</nGram>
                    <fulltext>false</fulltext>
                    <includeInAllText>false</includeInAllText>
                </indexConfig>
                <path>data</path>
            </pathIndexConfig>
            <pathIndexConfig>
                <indexConfig>
                    <decideByType>false</decideByType>
                    <enabled>true</enabled>
                    <nGram>false</nGram>
                    <fulltext>false</fulltext>
                    <includeInAllText>false</includeInAllText>
                </indexConfig>
                <path>creator</path>
            </pathIndexConfig>
            <pathIndexConfig>
                <indexConfig>
                    <decideByType>false</decideByType>
                    <enabled>true</enabled>
                    <nGram>false</nGram>
                    <fulltext>false</fulltext>
                    <includeInAllText>false</includeInAllText>
                </indexConfig>
                <path>createdTime</path>
            </pathIndexConfig>
            <pathIndexConfig>
                <indexConfig>
                    <decideByType>false</decideByType>
                    <enabled>true</enabled>
                    <nGram>false</nGram>
                    <fulltext>false</fulltext>
                    <includeInAllText>false</includeInAllText>
                </indexConfig>
                <path>attachment</path>
            </pathIndexConfig>
        </pathIndexConfigs>
        <allTextIndexConfig>
            <languages>
                <language>nb</language>
            </languages>
        </allTextIndexConfig>
    </indexConfigs>
</node>
