<node>
    <id>ff9b3d5e-f266-452d-8faf-44d034baec03</id>
    <childOrder>modifiedtime DESC</childOrder>
    <nodeType>content</nodeType>
    <timestamp>2024-06-19T11:35:00.060Z</timestamp>
    <inheritPermissions>true</inheritPermissions>
    <permissions>
        <principal key="role:cms.project.mattilsynet.author">
            <allow type="array">
                <value>READ</value>
                <value>CREATE</value>
                <value>MODIFY</value>
                <value>DELETE</value>
            </allow>
            <deny type="array"/>
        </principal>
        <principal key="role:cms.project.mattilsynet.owner">
            <allow type="array">
                <value>READ</value>
                <value>CREATE</value>
                <value>MODIFY</value>
                <value>DELETE</value>
                <value>PUBLISH</value>
                <value>READ_PERMISSIONS</value>
                <value>WRITE_PERMISSIONS</value>
            </allow>
            <deny type="array"/>
        </principal>
        <principal key="role:cms.project.mattilsynet.viewer">
            <allow type="array">
                <value>READ</value>
            </allow>
            <deny type="array"/>
        </principal>
        <principal key="role:cms.project.mattilsynet.contributor">
            <allow type="array">
                <value>READ</value>
            </allow>
            <deny type="array"/>
        </principal>
        <principal key="role:system.admin">
            <allow type="array">
                <value>READ</value>
                <value>CREATE</value>
                <value>MODIFY</value>
                <value>DELETE</value>
                <value>PUBLISH</value>
                <value>READ_PERMISSIONS</value>
                <value>WRITE_PERMISSIONS</value>
            </allow>
            <deny type="array"/>
        </principal>
        <principal key="role:cms.admin">
            <allow type="array">
                <value>READ</value>
                <value>CREATE</value>
                <value>MODIFY</value>
                <value>DELETE</value>
                <value>PUBLISH</value>
                <value>READ_PERMISSIONS</value>
                <value>WRITE_PERMISSIONS</value>
            </allow>
            <deny type="array"/>
        </principal>
        <principal key="role:cms.project.mattilsynet.editor">
            <allow type="array">
                <value>READ</value>
                <value>CREATE</value>
                <value>MODIFY</value>
                <value>DELETE</value>
                <value>PUBLISH</value>
                <value>READ_PERMISSIONS</value>
                <value>WRITE_PERMISSIONS</value>
            </allow>
            <deny type="array"/>
        </principal>
        <principal key="role:system.everyone">
            <allow type="array">
                <value>READ</value>
            </allow>
            <deny type="array"/>
        </principal>
    </permissions>
    <data>
        <boolean name="valid">true</boolean>
        <string name="displayName">Burkina Faso</string>
        <string name="type">no.mattilsynet.wizard:choice</string>
        <string name="owner">user:azure-ad-id-provider:b3c3edcc-d5d3-450d-b389-1b8008c59f79</string>
        <string name="language">nb</string>
        <dateTime name="modifiedTime">2024-05-02T11:04:44.007Z</dateTime>
        <string name="modifier">user:azure-ad-id-provider:b3c3edcc-d5d3-450d-b389-1b8008c59f79</string>
        <string name="creator">user:azure-ad-id-provider:b3c3edcc-d5d3-450d-b389-1b8008c59f79</string>
        <dateTime name="createdTime">2024-05-02T10:16:59.354Z</dateTime>
        <property-set name="publish">
            <dateTime name="first">2024-05-03T10:26:35.332Z</dateTime>
            <dateTime name="from">2024-05-03T10:26:35.332Z</dateTime>
        </property-set>
        <property-set name="workflow">
            <string name="state">READY</string>
            <property-set name="checks"/>
        </property-set>
        <property-set name="data">
            <string name="text">Burkina Faso</string>
        </property-set>
        <property-set name="x">
            <property-set name="no-mattilsynet-app">
                <property-set name="translated-content"/>
                <property-set name="alert-message"/>
                <property-set name="miscValues">
                    <string isNull="true" name="themeIndexed"/>
                </property-set>
                <property-set name="icon-config"/>
                <property-set name="menu-item">
                    <boolean name="menuItem">false</boolean>
                    <string isNull="true" name="menuName"/>
                </property-set>
            </property-set>
            <property-set name="com-enonic-app-metafields">
                <property-set name="meta-data"/>
            </property-set>
        </property-set>
    </data>
    <indexConfigs>
        <analyzer>document_index_default</analyzer>
        <defaultConfig>
            <decideByType>true</decideByType>
            <enabled>true</enabled>
            <nGram>false</nGram>
            <fulltext>false</fulltext>
            <includeInAllText>false</includeInAllText>
        </defaultConfig>
        <pathIndexConfigs>
            <pathIndexConfig>
                <indexConfig>
                    <decideByType>false</decideByType>
                    <enabled>true</enabled>
                    <nGram>true</nGram>
                    <fulltext>true</fulltext>
                    <includeInAllText>true</includeInAllText>
                    <indexValueProcessors>
                        <indexValueProcessor>htmlStripper</indexValueProcessor>
                    </indexValueProcessors>
                </indexConfig>
                <path>x.no-mattilsynet-app.alert-message.messageAndLocale.message</path>
            </pathIndexConfig>
            <pathIndexConfig>
                <indexConfig>
                    <decideByType>false</decideByType>
                    <enabled>true</enabled>
                    <nGram>false</nGram>
                    <fulltext>false</fulltext>
                    <includeInAllText>false</includeInAllText>
                </indexConfig>
                <path>data.siteConfig.applicationkey</path>
            </pathIndexConfig>
            <pathIndexConfig>
                <indexConfig>
                    <decideByType>true</decideByType>
                    <enabled>true</enabled>
                    <nGram>false</nGram>
                    <fulltext>false</fulltext>
                    <includeInAllText>false</includeInAllText>
                </indexConfig>
                <path>x.*</path>
            </pathIndexConfig>
            <pathIndexConfig>
                <indexConfig>
                    <decideByType>false</decideByType>
                    <enabled>true</enabled>
                    <nGram>true</nGram>
                    <fulltext>true</fulltext>
                    <includeInAllText>false</includeInAllText>
                </indexConfig>
                <path>attachment.text</path>
            </pathIndexConfig>
            <pathIndexConfig>
                <indexConfig>
                    <decideByType>false</decideByType>
                    <enabled>true</enabled>
                    <nGram>false</nGram>
                    <fulltext>false</fulltext>
                    <includeInAllText>false</includeInAllText>
                </indexConfig>
                <path>type</path>
            </pathIndexConfig>
            <pathIndexConfig>
                <indexConfig>
                    <decideByType>false</decideByType>
                    <enabled>false</enabled>
                    <nGram>false</nGram>
                    <fulltext>false</fulltext>
                    <includeInAllText>false</includeInAllText>
                </indexConfig>
                <path>site</path>
            </pathIndexConfig>
            <pathIndexConfig>
                <indexConfig>
                    <decideByType>false</decideByType>
                    <enabled>true</enabled>
                    <nGram>false</nGram>
                    <fulltext>false</fulltext>
                    <includeInAllText>false</includeInAllText>
                </indexConfig>
                <path>owner</path>
            </pathIndexConfig>
            <pathIndexConfig>
                <indexConfig>
                    <decideByType>false</decideByType>
                    <enabled>true</enabled>
                    <nGram>false</nGram>
                    <fulltext>false</fulltext>
                    <includeInAllText>false</includeInAllText>
                </indexConfig>
                <path>modifier</path>
            </pathIndexConfig>
            <pathIndexConfig>
                <indexConfig>
                    <decideByType>false</decideByType>
                    <enabled>true</enabled>
                    <nGram>false</nGram>
                    <fulltext>false</fulltext>
                    <includeInAllText>false</includeInAllText>
                </indexConfig>
                <path>modifiedTime</path>
            </pathIndexConfig>
            <pathIndexConfig>
                <indexConfig>
                    <decideByType>false</decideByType>
                    <enabled>true</enabled>
                    <nGram>true</nGram>
                    <fulltext>false</fulltext>
                    <includeInAllText>false</includeInAllText>
                </indexConfig>
                <path>language</path>
            </pathIndexConfig>
            <pathIndexConfig>
                <indexConfig>
                    <decideByType>true</decideByType>
                    <enabled>true</enabled>
                    <nGram>false</nGram>
                    <fulltext>false</fulltext>
                    <includeInAllText>false</includeInAllText>
                </indexConfig>
                <path>data</path>
            </pathIndexConfig>
            <pathIndexConfig>
                <indexConfig>
                    <decideByType>false</decideByType>
                    <enabled>true</enabled>
                    <nGram>false</nGram>
                    <fulltext>false</fulltext>
                    <includeInAllText>false</includeInAllText>
                </indexConfig>
                <path>creator</path>
            </pathIndexConfig>
            <pathIndexConfig>
                <indexConfig>
                    <decideByType>false</decideByType>
                    <enabled>true</enabled>
                    <nGram>false</nGram>
                    <fulltext>false</fulltext>
                    <includeInAllText>false</includeInAllText>
                </indexConfig>
                <path>createdTime</path>
            </pathIndexConfig>
            <pathIndexConfig>
                <indexConfig>
                    <decideByType>false</decideByType>
                    <enabled>true</enabled>
                    <nGram>false</nGram>
                    <fulltext>false</fulltext>
                    <includeInAllText>false</includeInAllText>
                </indexConfig>
                <path>attachment</path>
            </pathIndexConfig>
        </pathIndexConfigs>
        <allTextIndexConfig>
            <languages>
                <language>nb</language>
            </languages>
        </allTextIndexConfig>
    </indexConfigs>
</node>
