<node>
    <id>53a03ca3-900a-4eb9-81fd-d7abd63267d6</id>
    <childOrder>displayname ASC</childOrder>
    <nodeType>content</nodeType>
    <timestamp>2024-06-19T11:34:58.551Z</timestamp>
    <inheritPermissions>true</inheritPermissions>
    <permissions>
        <principal key="role:cms.project.mattilsynet.author">
            <allow type="array">
                <value>READ</value>
                <value>CREATE</value>
                <value>MODIFY</value>
                <value>DELETE</value>
            </allow>
            <deny type="array"/>
        </principal>
        <principal key="role:cms.project.mattilsynet.owner">
            <allow type="array">
                <value>READ</value>
                <value>CREATE</value>
                <value>MODIFY</value>
                <value>DELETE</value>
                <value>PUBLISH</value>
                <value>READ_PERMISSIONS</value>
                <value>WRITE_PERMISSIONS</value>
            </allow>
            <deny type="array"/>
        </principal>
        <principal key="role:cms.project.mattilsynet.viewer">
            <allow type="array">
                <value>READ</value>
            </allow>
            <deny type="array"/>
        </principal>
        <principal key="role:cms.project.mattilsynet.contributor">
            <allow type="array">
                <value>READ</value>
            </allow>
            <deny type="array"/>
        </principal>
        <principal key="role:system.admin">
            <allow type="array">
                <value>READ</value>
                <value>CREATE</value>
                <value>MODIFY</value>
                <value>DELETE</value>
                <value>PUBLISH</value>
                <value>READ_PERMISSIONS</value>
                <value>WRITE_PERMISSIONS</value>
            </allow>
            <deny type="array"/>
        </principal>
        <principal key="role:cms.admin">
            <allow type="array">
                <value>READ</value>
                <value>CREATE</value>
                <value>MODIFY</value>
                <value>DELETE</value>
                <value>PUBLISH</value>
                <value>READ_PERMISSIONS</value>
                <value>WRITE_PERMISSIONS</value>
            </allow>
            <deny type="array"/>
        </principal>
        <principal key="role:cms.project.mattilsynet.editor">
            <allow type="array">
                <value>READ</value>
                <value>CREATE</value>
                <value>MODIFY</value>
                <value>DELETE</value>
                <value>PUBLISH</value>
                <value>READ_PERMISSIONS</value>
                <value>WRITE_PERMISSIONS</value>
            </allow>
            <deny type="array"/>
        </principal>
        <principal key="role:system.everyone">
            <allow type="array">
                <value>READ</value>
            </allow>
            <deny type="array"/>
        </principal>
    </permissions>
    <data>
        <boolean name="valid">true</boolean>
        <string name="displayName">Region EØS minus unntak</string>
        <string name="type">no.mattilsynet.wizard:choice-group</string>
        <string name="owner">user:azure-ad-id-provider:b3c3edcc-d5d3-450d-b389-1b8008c59f79</string>
        <string name="language">nb</string>
        <dateTime name="modifiedTime">2024-05-02T11:04:48.260Z</dateTime>
        <string name="modifier">user:azure-ad-id-provider:b3c3edcc-d5d3-450d-b389-1b8008c59f79</string>
        <string name="creator">user:azure-ad-id-provider:b3c3edcc-d5d3-450d-b389-1b8008c59f79</string>
        <dateTime name="createdTime">2024-05-02T07:39:13.583Z</dateTime>
        <property-set name="publish">
            <dateTime name="first">2024-05-03T10:26:35.332Z</dateTime>
            <dateTime name="from">2024-05-03T10:26:35.332Z</dateTime>
        </property-set>
        <property-set name="workflow">
            <string name="state">READY</string>
            <property-set name="checks"/>
        </property-set>
        <property-set name="data">
            <reference name="choices">fcb70efb-4ebf-4981-b459-68d4d3a5f674</reference>
            <reference name="choices">efbe2158-5a6d-48ec-ada5-07307dd817f5</reference>
            <reference name="choices">86216658-1067-4de1-918d-5b524e951984</reference>
            <reference name="choices">1bb47266-7813-4eb4-833b-5f5305a69709</reference>
            <reference name="choices">22b26e03-d49b-4fe1-8e21-826f46b8167d</reference>
            <reference name="choices">5f27509e-5bb1-40f6-8414-55dbbcbdbebd</reference>
            <reference name="choices">6068819f-76bd-406a-bc71-69a971fda06a</reference>
            <reference name="choices">b652d909-20d7-4e23-8c0d-b33d20f7079b</reference>
            <reference name="choices">9fd07e0b-3f86-4f85-b92c-8d74ba5c5108</reference>
            <reference name="choices">01426186-4696-4f14-b1a3-4fd8b3a88fa8</reference>
            <reference name="choices">f2f92d39-6c97-43b7-90d5-5eb1e174bcbd</reference>
            <reference name="choices">41a63e25-5554-4362-a9b5-aa1a0f1c402d</reference>
            <reference name="choices">d0221494-48d4-4615-8827-2faff947603e</reference>
            <reference name="choices">6355e4f7-5450-406b-a1fb-13914e4e75cb</reference>
            <reference name="choices">96f09775-e3c1-4ea1-9ce4-33203fc3a21b</reference>
            <reference name="choices">e7bf463e-66ff-4e87-976b-564a4ae9415f</reference>
            <reference name="choices">8d24b13a-a914-41d6-af61-5d2e9e29433e</reference>
            <reference name="choices">52804c3a-ae9d-4d0c-97c7-12e16f2114d9</reference>
            <reference name="choices">22b2395e-5972-45fe-a1a5-e9b38c3f3e30</reference>
            <reference name="choices">5e1d3de8-092f-4011-b275-9f31b026b5b1</reference>
            <reference name="choices">ea096b15-aafb-4d39-a230-22cea8f85e66</reference>
            <reference name="choices">a3db9340-376b-4ab2-9004-83f0d916e281</reference>
            <reference name="choices">d1ff7eb2-e80e-47d5-8072-3c5202492b69</reference>
        </property-set>
        <property-set name="x">
            <property-set name="no-mattilsynet-app">
                <property-set name="translated-content"/>
                <property-set name="alert-message"/>
                <property-set name="miscValues">
                    <string isNull="true" name="themeIndexed"/>
                </property-set>
                <property-set name="icon-config"/>
                <property-set name="menu-item">
                    <boolean name="menuItem">false</boolean>
                    <string isNull="true" name="menuName"/>
                </property-set>
            </property-set>
            <property-set name="com-enonic-app-metafields">
                <property-set name="meta-data"/>
            </property-set>
        </property-set>
    </data>
    <indexConfigs>
        <analyzer>document_index_default</analyzer>
        <defaultConfig>
            <decideByType>true</decideByType>
            <enabled>true</enabled>
            <nGram>false</nGram>
            <fulltext>false</fulltext>
            <includeInAllText>false</includeInAllText>
        </defaultConfig>
        <pathIndexConfigs>
            <pathIndexConfig>
                <indexConfig>
                    <decideByType>false</decideByType>
                    <enabled>true</enabled>
                    <nGram>true</nGram>
                    <fulltext>true</fulltext>
                    <includeInAllText>true</includeInAllText>
                    <indexValueProcessors>
                        <indexValueProcessor>htmlStripper</indexValueProcessor>
                    </indexValueProcessors>
                </indexConfig>
                <path>x.no-mattilsynet-app.alert-message.messageAndLocale.message</path>
            </pathIndexConfig>
            <pathIndexConfig>
                <indexConfig>
                    <decideByType>false</decideByType>
                    <enabled>true</enabled>
                    <nGram>false</nGram>
                    <fulltext>false</fulltext>
                    <includeInAllText>false</includeInAllText>
                </indexConfig>
                <path>data.siteConfig.applicationkey</path>
            </pathIndexConfig>
            <pathIndexConfig>
                <indexConfig>
                    <decideByType>true</decideByType>
                    <enabled>true</enabled>
                    <nGram>false</nGram>
                    <fulltext>false</fulltext>
                    <includeInAllText>false</includeInAllText>
                </indexConfig>
                <path>x.*</path>
            </pathIndexConfig>
            <pathIndexConfig>
                <indexConfig>
                    <decideByType>false</decideByType>
                    <enabled>true</enabled>
                    <nGram>true</nGram>
                    <fulltext>true</fulltext>
                    <includeInAllText>false</includeInAllText>
                </indexConfig>
                <path>attachment.text</path>
            </pathIndexConfig>
            <pathIndexConfig>
                <indexConfig>
                    <decideByType>false</decideByType>
                    <enabled>true</enabled>
                    <nGram>false</nGram>
                    <fulltext>false</fulltext>
                    <includeInAllText>false</includeInAllText>
                </indexConfig>
                <path>type</path>
            </pathIndexConfig>
            <pathIndexConfig>
                <indexConfig>
                    <decideByType>false</decideByType>
                    <enabled>false</enabled>
                    <nGram>false</nGram>
                    <fulltext>false</fulltext>
                    <includeInAllText>false</includeInAllText>
                </indexConfig>
                <path>site</path>
            </pathIndexConfig>
            <pathIndexConfig>
                <indexConfig>
                    <decideByType>false</decideByType>
                    <enabled>true</enabled>
                    <nGram>false</nGram>
                    <fulltext>false</fulltext>
                    <includeInAllText>false</includeInAllText>
                </indexConfig>
                <path>owner</path>
            </pathIndexConfig>
            <pathIndexConfig>
                <indexConfig>
                    <decideByType>false</decideByType>
                    <enabled>true</enabled>
                    <nGram>false</nGram>
                    <fulltext>false</fulltext>
                    <includeInAllText>false</includeInAllText>
                </indexConfig>
                <path>modifier</path>
            </pathIndexConfig>
            <pathIndexConfig>
                <indexConfig>
                    <decideByType>false</decideByType>
                    <enabled>true</enabled>
                    <nGram>false</nGram>
                    <fulltext>false</fulltext>
                    <includeInAllText>false</includeInAllText>
                </indexConfig>
                <path>modifiedTime</path>
            </pathIndexConfig>
            <pathIndexConfig>
                <indexConfig>
                    <decideByType>false</decideByType>
                    <enabled>true</enabled>
                    <nGram>true</nGram>
                    <fulltext>false</fulltext>
                    <includeInAllText>false</includeInAllText>
                </indexConfig>
                <path>language</path>
            </pathIndexConfig>
            <pathIndexConfig>
                <indexConfig>
                    <decideByType>true</decideByType>
                    <enabled>true</enabled>
                    <nGram>false</nGram>
                    <fulltext>false</fulltext>
                    <includeInAllText>false</includeInAllText>
                </indexConfig>
                <path>data</path>
            </pathIndexConfig>
            <pathIndexConfig>
                <indexConfig>
                    <decideByType>false</decideByType>
                    <enabled>true</enabled>
                    <nGram>false</nGram>
                    <fulltext>false</fulltext>
                    <includeInAllText>false</includeInAllText>
                </indexConfig>
                <path>creator</path>
            </pathIndexConfig>
            <pathIndexConfig>
                <indexConfig>
                    <decideByType>false</decideByType>
                    <enabled>true</enabled>
                    <nGram>false</nGram>
                    <fulltext>false</fulltext>
                    <includeInAllText>false</includeInAllText>
                </indexConfig>
                <path>createdTime</path>
            </pathIndexConfig>
            <pathIndexConfig>
                <indexConfig>
                    <decideByType>false</decideByType>
                    <enabled>true</enabled>
                    <nGram>false</nGram>
                    <fulltext>false</fulltext>
                    <includeInAllText>false</includeInAllText>
                </indexConfig>
                <path>attachment</path>
            </pathIndexConfig>
        </pathIndexConfigs>
        <allTextIndexConfig>
            <languages>
                <language>nb</language>
            </languages>
        </allTextIndexConfig>
    </indexConfigs>
</node>
